{"train loss": 1.4356650114059448, "step": 1, "epoch": 1, "_timestamp": 1670274989.7524076, "_runtime": 3.1233816146850586, "_step": 0, "_wandb": {"runtime": 1}}