{"train loss": 0.8843703269958496, "step": 56, "epoch": 1, "_timestamp": 1670275362.8501575, "_runtime": 20.250442504882812, "_step": 55, "_wandb": {"runtime": 18}}