{"train loss": 1.1967089176177979, "step": 2, "epoch": 1, "_timestamp": 1670275154.9823296, "_runtime": 3.430342674255371, "_step": 1, "_wandb": {"runtime": 1}}